{"cameraMode":{"drawMode":0,"name":"Shaded","section":"Shading Mode"},"sceneLighting":true,"audioPlay":false,"sceneViewState":{"m_AlwaysRefresh":false,"showFog":true,"showSkybox":true,"showFlares":true,"showImageEffects":true,"showParticleSystems":true,"showVisualEffectGraphs":true,"m_FxEnabled":true},"in2DMode":false,"pivot":{"x":-1.9097564220428467,"y":-8.89017391204834,"z":-13.952624320983887},"rotation":{"x":0.6641090512275696,"y":-0.004253903869539499,"z":0.0037788564804941417,"w":0.7476235032081604},"size":41.97988510131836,"orthographic":false}