{"cameraMode":{"drawMode":0,"name":"Shaded","section":"Shading Mode"},"sceneLighting":true,"audioPlay":false,"sceneViewState":{"m_AlwaysRefresh":false,"showFog":true,"showSkybox":true,"showFlares":true,"showImageEffects":true,"showParticleSystems":true,"showVisualEffectGraphs":true,"m_FxEnabled":true},"in2DMode":false,"pivot":{"x":1.3548212051391602,"y":2.0710792541503908,"z":3.4074485301971437},"rotation":{"x":0.7003059983253479,"y":0.00021567977091763169,"z":-0.00022065700613893569,"w":0.7138638496398926},"size":53.95681381225586,"orthographic":false}