{"cameraMode":{"drawMode":0,"name":"Shaded","section":"Shading Mode"},"sceneLighting":true,"audioPlay":false,"sceneViewState":{"m_AlwaysRefresh":false,"showFog":true,"showSkybox":true,"showFlares":true,"showImageEffects":true,"showParticleSystems":true,"showVisualEffectGraphs":true,"m_FxEnabled":true},"in2DMode":false,"pivot":{"x":1.3344420194625855,"y":-0.4680519104003906,"z":-0.11542963981628418},"rotation":{"x":0.6906003952026367,"y":-0.003034367458894849,"z":0.0028920145705342294,"w":0.723247766494751},"size":48.311466217041019,"orthographic":false}