{"cameraMode":{"drawMode":0,"name":"Shaded","section":"Shading Mode"},"sceneLighting":true,"audioPlay":false,"sceneViewState":{"m_AlwaysRefresh":false,"showFog":true,"showSkybox":true,"showFlares":true,"showImageEffects":true,"showParticleSystems":true,"showVisualEffectGraphs":true,"m_FxEnabled":true},"in2DMode":false,"pivot":{"x":-19.099105834960939,"y":-60.083770751953128,"z":49.700016021728519},"rotation":{"x":0.5092443227767944,"y":0.005425009876489639,"z":-0.0032202706206589939,"w":0.8606144785881043},"size":54.143714904785159,"orthographic":false}