{"cameraMode":{"drawMode":0,"name":"Shaded","section":"Shading Mode"},"sceneLighting":true,"audioPlay":false,"sceneViewState":{"m_AlwaysRefresh":false,"showFog":true,"showSkybox":true,"showFlares":true,"showImageEffects":true,"showParticleSystems":true,"showVisualEffectGraphs":true,"m_FxEnabled":true},"in2DMode":false,"pivot":{"x":-6.648194313049316,"y":1.2485198974609376,"z":-9.529251098632813},"rotation":{"x":0.7003059983253479,"y":0.00021567977091763169,"z":-0.00022065700613893569,"w":0.7138638496398926},"size":50.38272476196289,"orthographic":false}