{"cameraMode":{"drawMode":0,"name":"Shaded","section":"Shading Mode"},"sceneLighting":true,"audioPlay":false,"sceneViewState":{"m_AlwaysRefresh":false,"showFog":true,"showSkybox":true,"showFlares":true,"showImageEffects":true,"showParticleSystems":true,"showVisualEffectGraphs":true,"m_FxEnabled":true},"in2DMode":false,"pivot":{"x":-2.2513060569763185,"y":107.86124420166016,"z":1.4407577514648438},"rotation":{"x":0.46231356263160708,"y":-0.27529987692832949,"z":0.15355360507965089,"w":0.8288122415542603},"size":6.439991474151611,"orthographic":false}