{"cameraMode":{"drawMode":0,"name":"Shaded","section":"Shading Mode"},"sceneLighting":true,"audioPlay":false,"sceneViewState":{"m_AlwaysRefresh":false,"showFog":true,"showSkybox":true,"showFlares":true,"showImageEffects":true,"showParticleSystems":true,"showVisualEffectGraphs":true,"m_FxEnabled":true},"in2DMode":false,"pivot":{"x":16.475963592529298,"y":0.6019439697265625,"z":6.764283180236816},"rotation":{"x":0.6546921133995056,"y":0.06795739382505417,"z":-0.05929188430309296,"w":0.7505174875259399},"size":48.15911102294922,"orthographic":false}